{
  "bounds": [
    [
      11.74958348757,
      8.29624998149
    ],
    [
      12.22291681901,
      8.77958331289
    ]
  ],
  "max_women_15_49_per_cell": 203.6322479248047,
  "total_women_15_49_in_bbox": 1312839.875
}